Date:Delay,Count
2020-04-01:1,0
2020-04-02:1,0
2020-04-03:1,0
2020-04-04:1,0
2020-04-05:1,0
2020-04-06:1,0
2020-04-07:1,0
2020-04-08:1,0
2020-04-09:1,0
2020-04-10:1,0
2020-04-11:1,0
2020-04-12:1,0
2020-04-13:1,0
2020-04-14:1,0
2020-04-15:1,0
2020-04-16:1,0
2020-04-17:1,0
2020-04-18:1,0
2020-04-19:1,0
2020-04-20:1,0
2020-04-21:1,0
2020-04-22:1,0
2020-04-23:1,0
2020-04-24:1,0
2020-04-25:1,0
2020-04-26:1,0
2020-04-27:1,0
2020-04-28:1,0
2020-04-29:1,0
2020-04-30:1,0
2020-05-01:1,0
2020-05-02:1,0
2020-05-03:1,0
2020-05-04:1,0
2020-05-05:1,0
2020-05-06:1,0
2020-05-07:1,0
2020-05-08:1,0
2020-05-09:1,0
2020-05-10:1,0
2020-05-11:1,0
2020-05-12:1,0
2020-05-13:1,0
2020-05-14:1,0
2020-05-15:1,0
2020-05-16:1,0
2020-05-17:1,0
2020-05-18:1,0
2020-05-19:1,0
2020-05-20:1,0
2020-05-21:1,0
2020-05-22:1,0
2020-05-23:1,0
2020-05-24:1,0
2020-05-25:1,0
2020-05-26:1,0
2020-05-27:1,0
2020-05-28:1,0
2020-05-29:1,0
2020-05-30:1,0
2020-05-31:1,0
2020-06-01:1,0
2020-06-02:1,0
2020-06-03:1,0
2020-06-04:1,0
2020-06-05:1,0
2020-06-06:1,0
2020-06-07:1,0
2020-06-08:1,0
2020-06-09:1,0
2020-06-10:1,0
2020-06-11:1,0
2020-06-12:1,0
2020-06-13:1,0
2020-06-14:1,0
2020-06-15:1,0
2020-06-16:1,0
2020-06-17:1,0
2020-06-18:1,0
2020-06-19:1,0
2020-06-20:1,0
2020-06-21:1,0
2020-06-22:1,0
2020-06-23:1,0
2020-06-24:1,0
2020-06-25:1,0
2020-06-26:1,0
2020-06-27:1,0
2020-06-28:1,0
2020-06-29:1,0
2020-06-30:1,0
2020-07-01:1,0
2020-07-02:1,0
2020-07-03:1,0
2020-07-04:1,0
2020-07-05:1,0
2020-07-06:1,0
2020-07-07:1,0
2020-07-08:1,0
2020-07-09:1,0
2020-07-10:1,0
2020-07-11:1,0
2020-07-12:1,0
2020-07-13:1,0
2020-07-14:1,0
2020-07-15:1,0
2020-07-16:1,0
2020-07-17:1,0
2020-07-18:1,0
2020-07-19:1,0
2020-07-20:1,0
2020-07-21:1,0
2020-07-22:1,0
2020-07-23:1,0
2020-07-24:1,0
2020-07-25:1,0
2020-07-26:1,0
2020-07-27:1,0
2020-07-28:1,0
2020-07-29:1,0
2020-07-30:1,0
2020-07-31:1,0
2020-08-01:1,0
2020-08-02:1,0
2020-08-03:1,0
2020-08-04:1,0
2020-08-05:1,0
2020-08-06:1,0
2020-08-07:1,0
2020-08-08:1,0
2020-08-09:1,0
2020-08-10:1,0
2020-08-11:1,0
2020-08-12:1,0
2020-08-13:1,0
2020-08-14:1,0
2020-08-15:1,0
2020-08-16:1,0
2020-08-17:1,0
2020-08-18:1,0
2020-08-19:1,0
2020-08-20:1,0
2020-08-21:1,0
2020-08-22:1,0
2020-08-23:1,0
2020-08-24:1,0
2020-08-25:1,0
2020-08-26:1,0
2020-08-27:1,0
2020-08-28:1,0
2020-08-29:1,0
2020-08-30:1,0
2020-08-31:1,0
2020-09-01:1,0
2020-09-02:1,0
2020-09-03:1,0
2020-09-04:1,0
2020-09-05:1,0
2020-09-06:1,0
2020-09-07:1,0
2020-09-08:1,0
2020-09-09:1,0
2020-09-10:1,0
2020-09-11:1,0
2020-09-12:1,0
2020-09-13:1,0
2020-09-14:1,0
2020-09-15:1,0
2020-09-16:1,0
2020-09-17:1,0
2020-09-18:1,0
2020-09-19:1,0
2020-09-20:1,0
2020-09-21:1,0
2020-09-22:1,0
2020-09-23:1,0
2020-09-24:1,0
2020-09-25:1,0
2020-09-26:1,0
2020-09-27:1,0
2020-09-28:1,0
2020-09-29:1,0
2020-09-30:1,0
2020-10-01:1,0
2020-10-02:1,0
2020-10-03:1,0
2020-10-04:1,0
2020-10-05:1,0
2020-10-06:1,0
2020-10-07:1,0
2020-10-08:1,0
2020-10-09:1,0
2020-10-10:1,0
2020-10-11:1,0
2020-10-12:1,0
2020-10-13:1,0
2020-10-14:1,0
2020-10-15:1,0
2020-10-16:1,0
2020-10-17:1,0
2020-10-18:1,0
2020-10-19:1,0
2020-10-20:1,0
2020-10-21:1,0
2020-10-22:1,0
2020-10-23:1,0
2020-10-24:1,0
2020-10-25:1,0
2020-10-26:1,0
2020-10-27:1,0
2020-10-28:1,0
2020-10-29:1,0
2020-10-30:1,0
2020-10-31:1,0
2020-11-01:1,0
2020-11-02:1,0
2020-11-03:1,0
2020-11-04:1,0
2020-11-05:1,0
2020-11-06:1,0
2020-11-07:1,0
2020-11-08:1,0
2020-11-09:1,0
2020-11-10:1,0
2020-11-11:1,0
2020-11-12:1,0
2020-11-13:1,0
2020-11-14:1,0
2020-11-15:1,0
2020-11-16:1,0
2020-11-17:1,0
2020-11-18:1,0
2020-11-19:1,0
2020-11-20:1,0
2020-11-21:1,0
2020-11-22:1,0
2020-11-23:1,0
2020-11-24:1,0
2020-11-25:1,0
2020-11-26:1,0
2020-11-27:1,0
2020-11-28:1,0
2020-11-29:1,0
2020-11-30:1,0
2020-12-01:1,0
2020-12-02:1,0
2020-12-03:1,0
2020-12-04:1,0
2020-12-05:1,0
2020-12-06:1,0
2020-12-07:1,0
2020-12-08:1,0
2020-12-09:1,0
2020-12-10:1,0
2020-12-11:1,0
2020-12-12:1,0
2020-12-13:1,0
2020-12-14:1,0
2020-12-15:1,0
2020-12-16:1,0
2020-12-17:1,0
2020-12-18:1,0
2020-12-19:1,0
2020-12-20:1,0
2020-12-21:1,0
2020-12-22:1,0
2020-12-23:1,0
2020-12-24:1,0
2020-12-25:1,0
2020-12-26:1,0
2020-12-27:1,0
2020-12-28:1,0
2020-12-29:1,0
2020-12-30:1,0
2020-12-31:1,0
2021-01-01:1,0
2021-01-02:1,0
2021-01-03:1,0
2021-01-04:1,0
2021-01-05:1,0
2021-01-06:1,0
2021-01-07:1,0
2021-01-08:1,0
2021-01-09:1,0
2021-01-10:1,0
2021-01-11:1,0
2021-01-12:1,0
2021-01-13:1,0
2021-01-14:1,0
2021-01-15:1,0
2021-01-16:1,0
2021-01-17:1,0
2021-01-18:1,0
2021-01-19:1,0
2021-01-20:1,0
2021-01-21:1,0
2021-01-22:1,0
2021-01-23:1,0
2021-01-24:1,0
2021-01-25:1,0
2021-01-26:1,0
2021-01-27:1,0
2021-01-28:1,0
2021-01-29:1,0
2021-01-30:1,0
2021-01-31:1,0
2021-02-01:1,0
2021-02-02:1,0
2021-02-03:1,0
2021-02-04:1,0
2021-02-05:1,0
2021-02-06:1,0
2021-02-07:1,0
2021-02-08:1,0
2021-02-09:1,0
2021-02-10:1,0
2021-02-11:1,0
2021-02-12:1,0
2021-02-13:1,0
2021-02-14:1,0
2021-02-15:1,0
2021-02-16:1,0
2021-02-17:1,0
2021-02-18:1,0
2021-02-19:1,0
2021-02-20:1,0
2021-02-21:1,0
2021-02-22:1,0
2021-02-23:1,0
2021-02-24:1,0
2021-02-25:1,0
2021-02-26:1,0
2021-02-27:1,0
2021-02-28:1,0
2021-03-01:1,0
2021-03-02:1,0
2021-03-03:1,0
2021-03-04:1,0
2021-03-05:1,0
2021-03-06:1,0
2021-03-07:1,0
2021-03-08:1,0
2021-03-09:1,0
2021-03-10:1,0
2021-03-11:1,0
2021-03-12:1,0
2021-03-13:1,0
2021-03-14:1,0
2021-03-15:1,0
2021-03-16:1,0
2021-03-17:1,0
2021-03-18:1,0
2021-03-19:1,0
2021-03-20:1,0
2021-03-21:1,0
2021-03-22:1,0
2021-03-23:1,0
2021-03-24:1,0
2021-03-25:1,0
2021-03-26:1,0
2021-03-27:1,0
2021-03-28:1,0
2021-03-29:1,0
2021-03-30:1,0
2021-03-31:1,0
2021-04-01:1,0
2021-04-02:1,0
2021-04-03:1,0
2021-04-04:1,0
2021-04-05:1,0
2021-04-06:1,0
2021-04-07:1,0
2021-04-08:1,0
2021-04-09:1,0
2021-04-10:1,0
2021-04-11:1,0
2021-04-12:1,0
2021-04-13:1,0
2021-04-14:1,0
2021-04-15:1,0
2021-04-16:1,0
2021-04-17:1,0
2021-04-18:1,0
2021-04-19:1,0
2021-04-20:1,0
2021-04-21:1,0
2021-04-22:1,0
2021-04-23:1,0
2021-04-24:1,0
2021-04-25:1,0
2021-04-26:1,0
2021-04-27:1,0
2021-04-28:1,0
2021-04-29:1,0
2021-04-30:1,0
2021-05-01:1,0
2021-05-02:1,0
2021-05-03:1,0
2021-05-04:1,0
2021-05-05:1,0
2021-05-06:1,0
2021-05-07:1,0
2021-05-08:1,0
2021-05-09:1,0
2021-05-10:1,0
2021-05-11:1,0
2021-05-12:1,0
2021-05-13:1,0
2021-05-14:1,0
2021-05-15:1,0
2021-05-16:1,0
2021-05-17:1,0
2021-05-18:1,0
2021-05-19:1,0
2021-05-20:1,0
2021-05-21:1,0
2021-05-22:1,0
2021-05-23:1,0
2021-05-24:1,0
2021-05-25:1,0
2021-05-26:1,0
2021-05-27:1,0
2021-05-28:1,0
2021-05-29:1,0
2021-05-30:1,0
2021-05-31:1,0
2021-06-01:1,0
2021-06-02:1,0
2021-06-03:1,0
2021-06-04:1,0
2021-06-05:1,0
2021-06-06:1,0
2021-06-07:1,0
2021-06-08:1,0
2021-06-09:1,0
2021-06-10:1,0
2021-06-11:1,0
2021-06-12:1,0
2021-06-13:1,0
2021-06-14:1,0
2021-06-15:1,0
2021-06-16:1,0
2021-06-17:1,0
2021-06-18:1,0
2021-06-19:1,0
2021-06-20:1,0
2021-06-21:1,0
2021-06-22:1,0
2021-06-23:1,0
2021-06-24:1,0
2021-06-25:1,0
2021-06-26:1,0
2021-06-27:1,0
2021-06-28:1,0
2021-06-29:1,0
2021-06-30:1,0
2021-07-01:1,0
2021-07-02:1,0
2021-07-03:1,0
2021-07-04:1,0
2021-07-05:1,0
2021-07-06:1,0
2021-07-07:1,0
2021-07-08:1,0
2021-07-09:1,0
2021-07-10:1,0
2021-07-11:1,0
2021-07-12:1,0
2021-07-13:1,0
2021-07-14:1,0
2021-07-15:1,0
2021-07-16:1,0
2021-07-17:1,0
2021-07-18:1,0
2021-07-19:1,0
2021-07-20:1,0
2021-07-21:1,0
2021-07-22:1,0
2021-07-23:1,0
2021-07-24:1,0
2021-07-25:1,0
2021-07-26:1,0
2021-07-27:1,0
2021-07-28:1,0
2021-07-29:1,0
2021-07-30:1,0
2021-07-31:1,0
2021-08-01:1,0
2021-08-02:1,0
2021-08-03:1,0
2021-08-04:1,0
2021-08-05:1,0
2021-08-06:1,0
2021-08-07:1,0
2021-08-08:1,0
2021-08-09:1,0
2021-08-10:1,0
2021-08-11:1,0
2021-08-12:1,0
2021-08-13:1,0
2021-08-14:1,0
2021-08-15:1,0
2021-08-16:1,0
2021-08-17:1,0
2021-08-18:1,0
2021-08-19:1,0
2021-08-20:1,0
2021-08-21:1,0
2021-08-22:1,0
2021-08-23:1,0
2021-08-24:1,0
2021-08-25:1,0
2021-08-26:1,0
2021-08-27:1,0
2021-08-28:1,0
2020-04-01:3,0
2020-04-02:3,0
2020-04-03:3,0
2020-04-04:3,0
2020-04-05:3,0
2020-04-06:3,0
2020-04-07:3,0
2020-04-08:3,0
2020-04-09:3,0
2020-04-10:3,0
2020-04-11:3,0
2020-04-12:3,0
2020-04-13:3,0
2020-04-14:3,0
2020-04-15:3,0
2020-04-16:3,0
2020-04-17:3,0
2020-04-18:3,0
2020-04-19:3,0
2020-04-20:3,0
2020-04-21:3,0
2020-04-22:3,0
2020-04-23:3,0
2020-04-24:3,0
2020-04-25:3,0
2020-04-26:3,0
2020-04-27:3,0
2020-04-28:3,0
2020-04-29:3,0
2020-04-30:3,0
2020-05-01:3,0
2020-05-02:3,0
2020-05-03:3,0
2020-05-04:3,0
2020-05-05:3,0
2020-05-06:3,0
2020-05-07:3,0
2020-05-08:3,0
2020-05-09:3,0
2020-05-10:3,0
2020-05-11:3,0
2020-05-12:3,0
2020-05-13:3,0
2020-05-14:3,0
2020-05-15:3,0
2020-05-16:3,0
2020-05-17:3,0
2020-05-18:3,0
2020-05-19:3,0
2020-05-20:3,0
2020-05-21:3,0
2020-05-22:3,0
2020-05-23:3,0
2020-05-24:3,0
2020-05-25:3,0
2020-05-26:3,0
2020-05-27:3,0
2020-05-28:3,0
2020-05-29:3,0
2020-05-30:3,0
2020-05-31:3,0
2020-06-01:3,0
2020-06-02:3,0
2020-06-03:3,0
2020-06-04:3,0
2020-06-05:3,0
2020-06-06:3,0
2020-06-07:3,0
2020-06-08:3,0
2020-06-09:3,0
2020-06-10:3,0
2020-06-11:3,0
2020-06-12:3,0
2020-06-13:3,0
2020-06-14:3,0
2020-06-15:3,0
2020-06-16:3,0
2020-06-17:3,0
2020-06-18:3,0
2020-06-19:3,0
2020-06-20:3,0
2020-06-21:3,0
2020-06-22:3,0
2020-06-23:3,0
2020-06-24:3,0
2020-06-25:3,0
2020-06-26:3,0
2020-06-27:3,0
2020-06-28:3,0
2020-06-29:3,0
2020-06-30:3,0
2020-07-01:3,0
2020-07-02:3,0
2020-07-03:3,0
2020-07-04:3,0
2020-07-05:3,0
2020-07-06:3,0
2020-07-07:3,0
2020-07-08:3,0
2020-07-09:3,0
2020-07-10:3,0
2020-07-11:3,0
2020-07-12:3,0
2020-07-13:3,0
2020-07-14:3,0
2020-07-15:3,0
2020-07-16:3,0
2020-07-17:3,0
2020-07-18:3,0
2020-07-19:3,0
2020-07-20:3,0
2020-07-21:3,0
2020-07-22:3,0
2020-07-23:3,0
2020-07-24:3,0
2020-07-25:3,0
2020-07-26:3,0
2020-07-27:3,0
2020-07-28:3,0
2020-07-29:3,0
2020-07-30:3,0
2020-07-31:3,0
2020-08-01:3,0
2020-08-02:3,0
2020-08-03:3,0
2020-08-04:3,0
2020-08-05:3,0
2020-08-06:3,0
2020-08-07:3,0
2020-08-08:3,0
2020-08-09:3,0
2020-08-10:3,0
2020-08-11:3,0
2020-08-12:3,0
2020-08-13:3,0
2020-08-14:3,0
2020-08-15:3,0
2020-08-16:3,0
2020-08-17:3,0
2020-08-18:3,0
2020-08-19:3,0
2020-08-20:3,0
2020-08-21:3,0
2020-08-22:3,0
2020-08-23:3,0
2020-08-24:3,0
2020-08-25:3,0
2020-08-26:3,0
2020-08-27:3,0
2020-08-28:3,0
2020-08-29:3,0
2020-08-30:3,0
2020-08-31:3,0
2020-09-01:3,0
2020-09-02:3,0
2020-09-03:3,0
2020-09-04:3,0
2020-09-05:3,0
2020-09-06:3,0
2020-09-07:3,0
2020-09-08:3,0
2020-09-09:3,0
2020-09-10:3,0
2020-09-11:3,0
2020-09-12:3,0
2020-09-13:3,0
2020-09-14:3,0
2020-09-15:3,0
2020-09-16:3,0
2020-09-17:3,0
2020-09-18:3,0
2020-09-19:3,0
2020-09-20:3,0
2020-09-21:3,0
2020-09-22:3,0
2020-09-23:3,0
2020-09-24:3,0
2020-09-25:3,0
2020-09-26:3,0
2020-09-27:3,0
2020-09-28:3,0
2020-09-29:3,0
2020-09-30:3,0
2020-10-01:3,0
2020-10-02:3,0
2020-10-03:3,0
2020-10-04:3,0
2020-10-05:3,0
2020-10-06:3,0
2020-10-07:3,0
2020-10-08:3,0
2020-10-09:3,0
2020-10-10:3,0
2020-10-11:3,0
2020-10-12:3,0
2020-10-13:3,0
2020-10-14:3,0
2020-10-15:3,0
2020-10-16:3,0
2020-10-17:3,0
2020-10-18:3,0
2020-10-19:3,0
2020-10-20:3,0
2020-10-21:3,0
2020-10-22:3,0
2020-10-23:3,0
2020-10-24:3,0
2020-10-25:3,0
2020-10-26:3,0
2020-10-27:3,0
2020-10-28:3,0
2020-10-29:3,0
2020-10-30:3,0
2020-10-31:3,0
2020-11-01:3,0
2020-11-02:3,0
2020-11-03:3,0
2020-11-04:3,0
2020-11-05:3,0
2020-11-06:3,0
2020-11-07:3,0
2020-11-08:3,0
2020-11-09:3,0
2020-11-10:3,0
2020-11-11:3,0
2020-11-12:3,0
2020-11-13:3,0
2020-11-14:3,0
2020-11-15:3,0
2020-11-16:3,0
2020-11-17:3,0
2020-11-18:3,0
2020-11-19:3,0
2020-11-20:3,0
2020-11-21:3,0
2020-11-22:3,0
2020-11-23:3,0
2020-11-24:3,0
2020-11-25:3,0
2020-11-26:3,0
2020-11-27:3,0
2020-11-28:3,0
2020-11-29:3,0
2020-11-30:3,0
2020-12-01:3,0
2020-12-02:3,0
2020-12-03:3,0
2020-12-04:3,0
2020-12-05:3,0
2020-12-06:3,0
2020-12-07:3,0
2020-12-08:3,0
2020-12-09:3,0
2020-12-10:3,0
2020-12-11:3,0
2020-12-12:3,0
2020-12-13:3,0
2020-12-14:3,0
2020-12-15:3,0
2020-12-16:3,0
2020-12-17:3,0
2020-12-18:3,0
2020-12-19:3,0
2020-12-20:3,0
2020-12-21:3,0
2020-12-22:3,0
2020-12-23:3,0
2020-12-24:3,0
2020-12-25:3,0
2020-12-26:3,0
2020-12-27:3,0
2020-12-28:3,0
2020-12-29:3,0
2020-12-30:3,0
2020-12-31:3,0
2021-01-01:3,0
2021-01-02:3,0
2021-01-03:3,0
2021-01-04:3,0
2021-01-05:3,0
2021-01-06:3,0
2021-01-07:3,0
2021-01-08:3,0
2021-01-09:3,0
2021-01-10:3,0
2021-01-11:3,0
2021-01-12:3,0
2021-01-13:3,0
2021-01-14:3,0
2021-01-15:3,0
2021-01-16:3,0
2021-01-17:3,0
2021-01-18:3,0
2021-01-19:3,0
2021-01-20:3,0
2021-01-21:3,0
2021-01-22:3,0
2021-01-23:3,0
2021-01-24:3,0
2021-01-25:3,0
2021-01-26:3,0
2021-01-27:3,0
2021-01-28:3,0
2021-01-29:3,0
2021-01-30:3,0
2021-01-31:3,0
2021-02-01:3,0
2021-02-02:3,0
2021-02-03:3,0
2021-02-04:3,0
2021-02-05:3,0
2021-02-06:3,0
2021-02-07:3,0
2021-02-08:3,0
2021-02-09:3,0
2021-02-10:3,0
2021-02-11:3,0
2021-02-12:3,0
2021-02-13:3,0
2021-02-14:3,0
2021-02-15:3,0
2021-02-16:3,0
2021-02-17:3,0
2021-02-18:3,0
2021-02-19:3,0
2021-02-20:3,0
2021-02-21:3,0
2021-02-22:3,0
2021-02-23:3,0
2021-02-24:3,0
2021-02-25:3,0
2021-02-26:3,0
2021-02-27:3,0
2021-02-28:3,0
2021-03-01:3,0
2021-03-02:3,0
2021-03-03:3,0
2021-03-04:3,0
2021-03-05:3,0
2021-03-06:3,0
2021-03-07:3,0
2021-03-08:3,0
2021-03-09:3,0
2021-03-10:3,0
2021-03-11:3,0
2021-03-12:3,0
2021-03-13:3,0
2021-03-14:3,0
2021-03-15:3,0
2021-03-16:3,0
2021-03-17:3,0
2021-03-18:3,0
2021-03-19:3,0
2021-03-20:3,0
2021-03-21:3,0
2021-03-22:3,0
2021-03-23:3,0
2021-03-24:3,0
2021-03-25:3,0
2021-03-26:3,0
2021-03-27:3,0
2021-03-28:3,0
2021-03-29:3,0
2021-03-30:3,0
2021-03-31:3,0
2021-04-01:3,0
2021-04-02:3,0
2021-04-03:3,0
2021-04-04:3,0
2021-04-05:3,0
2021-04-06:3,0
2021-04-07:3,0
2021-04-08:3,0
2021-04-09:3,0
2021-04-10:3,0
2021-04-11:3,0
2021-04-12:3,0
2021-04-13:3,0
2021-04-14:3,0
2021-04-15:3,0
2021-04-16:3,0
2021-04-17:3,0
2021-04-18:3,0
2021-04-19:3,0
2021-04-20:3,0
2021-04-21:3,0
2021-04-22:3,0
2021-04-23:3,0
2021-04-24:3,0
2021-04-25:3,0
2021-04-26:3,0
2021-04-27:3,0
2021-04-28:3,0
2021-04-29:3,0
2021-04-30:3,0
2021-05-01:3,0
2021-05-02:3,0
2021-05-03:3,0
2021-05-04:3,0
2021-05-05:3,0
2021-05-06:3,0
2021-05-07:3,0
2021-05-08:3,0
2021-05-09:3,0
2021-05-10:3,0
2021-05-11:3,0
2021-05-12:3,0
2021-05-13:3,0
2021-05-14:3,0
2021-05-15:3,0
2021-05-16:3,0
2021-05-17:3,0
2021-05-18:3,0
2021-05-19:3,0
2021-05-20:3,0
2021-05-21:3,0
2021-05-22:3,0
2021-05-23:3,0
2021-05-24:3,0
2021-05-25:3,0
2021-05-26:3,0
2021-05-27:3,0
2021-05-28:3,0
2021-05-29:3,0
2021-05-30:3,0
2021-05-31:3,0
2021-06-01:3,0
2021-06-02:3,0
2021-06-03:3,0
2021-06-04:3,0
2021-06-05:3,0
2021-06-06:3,0
2021-06-07:3,0
2021-06-08:3,0
2021-06-09:3,0
2021-06-10:3,0
2021-06-11:3,0
2021-06-12:3,0
2021-06-13:3,0
2021-06-14:3,0
2021-06-15:3,0
2021-06-16:3,0
2021-06-17:3,0
2021-06-18:3,0
2021-06-19:3,0
2021-06-20:3,0
2021-06-21:3,0
2021-06-22:3,0
2021-06-23:3,0
2021-06-24:3,0
2021-06-25:3,0
2021-06-26:3,0
2021-06-27:3,0
2021-06-28:3,0
2021-06-29:3,0
2021-06-30:3,0
2021-07-01:3,0
2021-07-02:3,0
2021-07-03:3,0
2021-07-04:3,0
2021-07-05:3,0
2021-07-06:3,0
2021-07-07:3,0
2021-07-08:3,0
2021-07-09:3,0
2021-07-10:3,0
2021-07-11:3,0
2021-07-12:3,0
2021-07-13:3,0
2021-07-14:3,0
2021-07-15:3,0
2021-07-16:3,0
2021-07-17:3,0
2021-07-18:3,0
2021-07-19:3,0
2021-07-20:3,0
2021-07-21:3,0
2021-07-22:3,0
2021-07-23:3,0
2021-07-24:3,0
2021-07-25:3,0
2021-07-26:3,0
2021-07-27:3,0
2021-07-28:3,0
2021-07-29:3,0
2021-07-30:3,0
2021-07-31:3,0
2021-08-01:3,0
2021-08-02:3,0
2021-08-03:3,0
2021-08-04:3,0
2021-08-05:3,0
2021-08-06:3,0
2021-08-07:3,0
2021-08-08:3,0
2021-08-09:3,0
2021-08-10:3,0
2021-08-11:3,0
2021-08-12:3,0
2021-08-13:3,0
2021-08-14:3,0
2021-08-15:3,0
2021-08-16:3,0
2021-08-17:3,0
2021-08-18:3,0
2021-08-19:3,0
2021-08-20:3,0
2021-08-21:3,0
2021-08-22:3,0
2021-08-23:3,0
2021-08-24:3,0
2021-08-25:3,0
2021-08-26:3,0
2021-08-27:3,0
2021-08-28:3,0
2020-04-01:5,0
2020-04-02:5,0
2020-04-03:5,0
2020-04-04:5,0
2020-04-05:5,0
2020-04-06:5,0
2020-04-07:5,0
2020-04-08:5,0
2020-04-09:5,0
2020-04-10:5,0
2020-04-11:5,0
2020-04-12:5,0
2020-04-13:5,0
2020-04-14:5,0
2020-04-15:5,0
2020-04-16:5,0
2020-04-17:5,0
2020-04-18:5,0
2020-04-19:5,0
2020-04-20:5,0
2020-04-21:5,0
2020-04-22:5,0
2020-04-23:5,0
2020-04-24:5,0
2020-04-25:5,0
2020-04-26:5,0
2020-04-27:5,0
2020-04-28:5,0
2020-04-29:5,0
2020-04-30:5,0
2020-05-01:5,0
2020-05-02:5,0
2020-05-03:5,0
2020-05-04:5,0
2020-05-05:5,0
2020-05-06:5,0
2020-05-07:5,0
2020-05-08:5,0
2020-05-09:5,0
2020-05-10:5,0
2020-05-11:5,0
2020-05-12:5,0
2020-05-13:5,0
2020-05-14:5,0
2020-05-15:5,0
2020-05-16:5,0
2020-05-17:5,0
2020-05-18:5,0
2020-05-19:5,0
2020-05-20:5,0
2020-05-21:5,0
2020-05-22:5,0
2020-05-23:5,0
2020-05-24:5,0
2020-05-25:5,0
2020-05-26:5,0
2020-05-27:5,0
2020-05-28:5,0
2020-05-29:5,0
2020-05-30:5,0
2020-05-31:5,0
2020-06-01:5,0
2020-06-02:5,0
2020-06-03:5,0
2020-06-04:5,0
2020-06-05:5,0
2020-06-06:5,0
2020-06-07:5,0
2020-06-08:5,0
2020-06-09:5,0
2020-06-10:5,0
2020-06-11:5,0
2020-06-12:5,0
2020-06-13:5,0
2020-06-14:5,0
2020-06-15:5,0
2020-06-16:5,0
2020-06-17:5,0
2020-06-18:5,0
2020-06-19:5,0
2020-06-20:5,0
2020-06-21:5,0
2020-06-22:5,0
2020-06-23:5,0
2020-06-24:5,0
2020-06-25:5,0
2020-06-26:5,0
2020-06-27:5,0
2020-06-28:5,0
2020-06-29:5,0
2020-06-30:5,0
2020-07-01:5,0
2020-07-02:5,0
2020-07-03:5,0
2020-07-04:5,0
2020-07-05:5,0
2020-07-06:5,0
2020-07-07:5,0
2020-07-08:5,0
2020-07-09:5,0
2020-07-10:5,0
2020-07-11:5,0
2020-07-12:5,0
2020-07-13:5,0
2020-07-14:5,0
2020-07-15:5,0
2020-07-16:5,0
2020-07-17:5,0
2020-07-18:5,0
2020-07-19:5,0
2020-07-20:5,0
2020-07-21:5,0
2020-07-22:5,0
2020-07-23:5,0
2020-07-24:5,0
2020-07-25:5,0
2020-07-26:5,0
2020-07-27:5,0
2020-07-28:5,0
2020-07-29:5,0
2020-07-30:5,0
2020-07-31:5,0
2020-08-01:5,0
2020-08-02:5,0
2020-08-03:5,0
2020-08-04:5,0
2020-08-05:5,0
2020-08-06:5,0
2020-08-07:5,0
2020-08-08:5,0
2020-08-09:5,0
2020-08-10:5,0
2020-08-11:5,0
2020-08-12:5,0
2020-08-13:5,0
2020-08-14:5,0
2020-08-15:5,0
2020-08-16:5,0
2020-08-17:5,0
2020-08-18:5,0
2020-08-19:5,0
2020-08-20:5,0
2020-08-21:5,0
2020-08-22:5,0
2020-08-23:5,0
2020-08-24:5,0
2020-08-25:5,0
2020-08-26:5,0
2020-08-27:5,0
2020-08-28:5,0
2020-08-29:5,0
2020-08-30:5,0
2020-08-31:5,0
2020-09-01:5,0
2020-09-02:5,0
2020-09-03:5,0
2020-09-04:5,0
2020-09-05:5,0
2020-09-06:5,0
2020-09-07:5,0
2020-09-08:5,0
2020-09-09:5,0
2020-09-10:5,0
2020-09-11:5,0
2020-09-12:5,0
2020-09-13:5,0
2020-09-14:5,0
2020-09-15:5,0
2020-09-16:5,0
2020-09-17:5,0
2020-09-18:5,0
2020-09-19:5,0
2020-09-20:5,0
2020-09-21:5,0
2020-09-22:5,0
2020-09-23:5,0
2020-09-24:5,0
2020-09-25:5,0
2020-09-26:5,0
2020-09-27:5,0
2020-09-28:5,0
2020-09-29:5,0
2020-09-30:5,0
2020-10-01:5,0
2020-10-02:5,0
2020-10-03:5,0
2020-10-04:5,0
2020-10-05:5,0
2020-10-06:5,0
2020-10-07:5,0
2020-10-08:5,0
2020-10-09:5,0
2020-10-10:5,0
2020-10-11:5,0
2020-10-12:5,0
2020-10-13:5,0
2020-10-14:5,0
2020-10-15:5,0
2020-10-16:5,0
2020-10-17:5,0
2020-10-18:5,0
2020-10-19:5,0
2020-10-20:5,0
2020-10-21:5,0
2020-10-22:5,0
2020-10-23:5,0
2020-10-24:5,0
2020-10-25:5,0
2020-10-26:5,0
2020-10-27:5,0
2020-10-28:5,0
2020-10-29:5,0
2020-10-30:5,0
2020-10-31:5,0
2020-11-01:5,0
2020-11-02:5,0
2020-11-03:5,0
2020-11-04:5,0
2020-11-05:5,0
2020-11-06:5,0
2020-11-07:5,0
2020-11-08:5,0
2020-11-09:5,0
2020-11-10:5,0
2020-11-11:5,0
2020-11-12:5,0
2020-11-13:5,0
2020-11-14:5,0
2020-11-15:5,0
2020-11-16:5,0
2020-11-17:5,0
2020-11-18:5,0
2020-11-19:5,0
2020-11-20:5,0
2020-11-21:5,0
2020-11-22:5,0
2020-11-23:5,0
2020-11-24:5,0
2020-11-25:5,0
2020-11-26:5,0
2020-11-27:5,0
2020-11-28:5,0
2020-11-29:5,0
2020-11-30:5,0
2020-12-01:5,0
2020-12-02:5,0
2020-12-03:5,0
2020-12-04:5,0
2020-12-05:5,0
2020-12-06:5,0
2020-12-07:5,0
2020-12-08:5,0
2020-12-09:5,0
2020-12-10:5,0
2020-12-11:5,0
2020-12-12:5,0
2020-12-13:5,0
2020-12-14:5,0
2020-12-15:5,0
2020-12-16:5,0
2020-12-17:5,0
2020-12-18:5,0
2020-12-19:5,0
2020-12-20:5,0
2020-12-21:5,0
2020-12-22:5,0
2020-12-23:5,0
2020-12-24:5,0
2020-12-25:5,0
2020-12-26:5,0
2020-12-27:5,0
2020-12-28:5,0
2020-12-29:5,0
2020-12-30:5,0
2020-12-31:5,0
2021-01-01:5,0
2021-01-02:5,0
2021-01-03:5,0
2021-01-04:5,0
2021-01-05:5,0
2021-01-06:5,0
2021-01-07:5,0
2021-01-08:5,0
2021-01-09:5,0
2021-01-10:5,0
2021-01-11:5,0
2021-01-12:5,0
2021-01-13:5,0
2021-01-14:5,0
2021-01-15:5,0
2021-01-16:5,0
2021-01-17:5,0
2021-01-18:5,0
2021-01-19:5,0
2021-01-20:5,0
2021-01-21:5,0
2021-01-22:5,0
2021-01-23:5,0
2021-01-24:5,0
2021-01-25:5,0
2021-01-26:5,0
2021-01-27:5,0
2021-01-28:5,0
2021-01-29:5,0
2021-01-30:5,0
2021-01-31:5,0
2021-02-01:5,0
2021-02-02:5,0
2021-02-03:5,0
2021-02-04:5,0
2021-02-05:5,0
2021-02-06:5,0
2021-02-07:5,0
2021-02-08:5,0
2021-02-09:5,0
2021-02-10:5,0
2021-02-11:5,0
2021-02-12:5,0
2021-02-13:5,0
2021-02-14:5,0
2021-02-15:5,0
2021-02-16:5,0
2021-02-17:5,0
2021-02-18:5,0
2021-02-19:5,0
2021-02-20:5,0
2021-02-21:5,0
2021-02-22:5,0
2021-02-23:5,0
2021-02-24:5,0
2021-02-25:5,0
2021-02-26:5,0
2021-02-27:5,0
2021-02-28:5,0
2021-03-01:5,0
2021-03-02:5,0
2021-03-03:5,0
2021-03-04:5,0
2021-03-05:5,0
2021-03-06:5,0
2021-03-07:5,0
2021-03-08:5,0
2021-03-09:5,0
2021-03-10:5,0
2021-03-11:5,0
2021-03-12:5,0
2021-03-13:5,0
2021-03-14:5,0
2021-03-15:5,0
2021-03-16:5,0
2021-03-17:5,0
2021-03-18:5,0
2021-03-19:5,0
2021-03-20:5,0
2021-03-21:5,0
2021-03-22:5,0
2021-03-23:5,0
2021-03-24:5,0
2021-03-25:5,0
2021-03-26:5,0
2021-03-27:5,0
2021-03-28:5,0
2021-03-29:5,0
2021-03-30:5,0
2021-03-31:5,0
2021-04-01:5,0
2021-04-02:5,0
2021-04-03:5,0
2021-04-04:5,0
2021-04-05:5,0
2021-04-06:5,0
2021-04-07:5,0
2021-04-08:5,0
2021-04-09:5,0
2021-04-10:5,0
2021-04-11:5,0
2021-04-12:5,0
2021-04-13:5,0
2021-04-14:5,0
2021-04-15:5,0
2021-04-16:5,0
2021-04-17:5,0
2021-04-18:5,0
2021-04-19:5,0
2021-04-20:5,0
2021-04-21:5,0
2021-04-22:5,0
2021-04-23:5,0
2021-04-24:5,0
2021-04-25:5,0
2021-04-26:5,0
2021-04-27:5,0
2021-04-28:5,0
2021-04-29:5,0
2021-04-30:5,0
2021-05-01:5,0
2021-05-02:5,0
2021-05-03:5,0
2021-05-04:5,0
2021-05-05:5,0
2021-05-06:5,0
2021-05-07:5,0
2021-05-08:5,0
2021-05-09:5,0
2021-05-10:5,0
2021-05-11:5,0
2021-05-12:5,0
2021-05-13:5,0
2021-05-14:5,0
2021-05-15:5,0
2021-05-16:5,0
2021-05-17:5,0
2021-05-18:5,0
2021-05-19:5,0
2021-05-20:5,0
2021-05-21:5,0
2021-05-22:5,0
2021-05-23:5,0
2021-05-24:5,0
2021-05-25:5,0
2021-05-26:5,0
2021-05-27:5,0
2021-05-28:5,0
2021-05-29:5,0
2021-05-30:5,0
2021-05-31:5,0
2021-06-01:5,0
2021-06-02:5,0
2021-06-03:5,0
2021-06-04:5,0
2021-06-05:5,0
2021-06-06:5,0
2021-06-07:5,0
2021-06-08:5,0
2021-06-09:5,0
2021-06-10:5,0
2021-06-11:5,0
2021-06-12:5,0
2021-06-13:5,0
2021-06-14:5,0
2021-06-15:5,0
2021-06-16:5,0
2021-06-17:5,0
2021-06-18:5,0
2021-06-19:5,0
2021-06-20:5,0
2021-06-21:5,0
2021-06-22:5,0
2021-06-23:5,0
2021-06-24:5,0
2021-06-25:5,0
2021-06-26:5,0
2021-06-27:5,0
2021-06-28:5,0
2021-06-29:5,0
2021-06-30:5,0
2021-07-01:5,0
2021-07-02:5,0
2021-07-03:5,0
2021-07-04:5,0
2021-07-05:5,0
2021-07-06:5,0
2021-07-07:5,0
2021-07-08:5,0
2021-07-09:5,0
2021-07-10:5,0
2021-07-11:5,0
2021-07-12:5,0
2021-07-13:5,0
2021-07-14:5,0
2021-07-15:5,0
2021-07-16:5,0
2021-07-17:5,0
2021-07-18:5,0
2021-07-19:5,0
2021-07-20:5,0
2021-07-21:5,0
2021-07-22:5,0
2021-07-23:5,0
2021-07-24:5,0
2021-07-25:5,0
2021-07-26:5,0
2021-07-27:5,0
2021-07-28:5,0
2021-07-29:5,0
2021-07-30:5,0
2021-07-31:5,0
2021-08-01:5,0
2021-08-02:5,0
2021-08-03:5,0
2021-08-04:5,0
2021-08-05:5,0
2021-08-06:5,0
2021-08-07:5,0
2021-08-08:5,0
2021-08-09:5,0
2021-08-10:5,0
2021-08-11:5,0
2021-08-12:5,0
2021-08-13:5,0
2021-08-14:5,0
2021-08-15:5,0
2021-08-16:5,0
2021-08-17:5,0
2021-08-18:5,0
2021-08-19:5,0
2021-08-20:5,0
2021-08-21:5,0
2021-08-22:5,0
2021-08-23:5,0
2021-08-24:5,0
2021-08-25:5,0
2021-08-26:5,0
2021-08-27:5,0
2021-08-28:5,0
2020-04-01:7,0
2020-04-02:7,0
2020-04-03:7,0
2020-04-04:7,0
2020-04-05:7,0
2020-04-06:7,0
2020-04-07:7,0
2020-04-08:7,0
2020-04-09:7,0
2020-04-10:7,0
2020-04-11:7,0
2020-04-12:7,0
2020-04-13:7,0
2020-04-14:7,0
2020-04-15:7,0
2020-04-16:7,0
2020-04-17:7,0
2020-04-18:7,0
2020-04-19:7,0
2020-04-20:7,0
2020-04-21:7,0
2020-04-22:7,0
2020-04-23:7,0
2020-04-24:7,0
2020-04-25:7,0
2020-04-26:7,0
2020-04-27:7,0
2020-04-28:7,0
2020-04-29:7,0
2020-04-30:7,0
2020-05-01:7,0
2020-05-02:7,0
2020-05-03:7,0
2020-05-04:7,0
2020-05-05:7,0
2020-05-06:7,0
2020-05-07:7,0
2020-05-08:7,0
2020-05-09:7,0
2020-05-10:7,0
2020-05-11:7,0
2020-05-12:7,0
2020-05-13:7,0
2020-05-14:7,0
2020-05-15:7,0
2020-05-16:7,0
2020-05-17:7,0
2020-05-18:7,0
2020-05-19:7,0
2020-05-20:7,0
2020-05-21:7,0
2020-05-22:7,0
2020-05-23:7,0
2020-05-24:7,0
2020-05-25:7,0
2020-05-26:7,0
2020-05-27:7,0
2020-05-28:7,0
2020-05-29:7,0
2020-05-30:7,0
2020-05-31:7,0
2020-06-01:7,0
2020-06-02:7,0
2020-06-03:7,0
2020-06-04:7,0
2020-06-05:7,0
2020-06-06:7,0
2020-06-07:7,0
2020-06-08:7,0
2020-06-09:7,0
2020-06-10:7,0
2020-06-11:7,0
2020-06-12:7,0
2020-06-13:7,0
2020-06-14:7,0
2020-06-15:7,0
2020-06-16:7,0
2020-06-17:7,0
2020-06-18:7,0
2020-06-19:7,0
2020-06-20:7,0
2020-06-21:7,0
2020-06-22:7,0
2020-06-23:7,0
2020-06-24:7,0
2020-06-25:7,0
2020-06-26:7,0
2020-06-27:7,0
2020-06-28:7,0
2020-06-29:7,0
2020-06-30:7,0
2020-07-01:7,0
2020-07-02:7,0
2020-07-03:7,0
2020-07-04:7,0
2020-07-05:7,0
2020-07-06:7,0
2020-07-07:7,0
2020-07-08:7,0
2020-07-09:7,0
2020-07-10:7,0
2020-07-11:7,0
2020-07-12:7,0
2020-07-13:7,0
2020-07-14:7,0
2020-07-15:7,0
2020-07-16:7,0
2020-07-17:7,0
2020-07-18:7,0
2020-07-19:7,0
2020-07-20:7,0
2020-07-21:7,0
2020-07-22:7,0
2020-07-23:7,0
2020-07-24:7,0
2020-07-25:7,0
2020-07-26:7,0
2020-07-27:7,0
2020-07-28:7,0
2020-07-29:7,0
2020-07-30:7,0
2020-07-31:7,0
2020-08-01:7,0
2020-08-02:7,0
2020-08-03:7,0
2020-08-04:7,0
2020-08-05:7,0
2020-08-06:7,0
2020-08-07:7,0
2020-08-08:7,0
2020-08-09:7,0
2020-08-10:7,0
2020-08-11:7,0
2020-08-12:7,0
2020-08-13:7,0
2020-08-14:7,0
2020-08-15:7,0
2020-08-16:7,0
2020-08-17:7,0
2020-08-18:7,0
2020-08-19:7,0
2020-08-20:7,0
2020-08-21:7,0
2020-08-22:7,0
2020-08-23:7,0
2020-08-24:7,0
2020-08-25:7,0
2020-08-26:7,0
2020-08-27:7,0
2020-08-28:7,0
2020-08-29:7,0
2020-08-30:7,0
2020-08-31:7,0
2020-09-01:7,0
2020-09-02:7,0
2020-09-03:7,0
2020-09-04:7,0
2020-09-05:7,0
2020-09-06:7,0
2020-09-07:7,0
2020-09-08:7,0
2020-09-09:7,0
2020-09-10:7,0
2020-09-11:7,0
2020-09-12:7,0
2020-09-13:7,0
2020-09-14:7,0
2020-09-15:7,0
2020-09-16:7,0
2020-09-17:7,0
2020-09-18:7,0
2020-09-19:7,0
2020-09-20:7,0
2020-09-21:7,0
2020-09-22:7,0
2020-09-23:7,0
2020-09-24:7,0
2020-09-25:7,0
2020-09-26:7,0
2020-09-27:7,0
2020-09-28:7,0
2020-09-29:7,0
2020-09-30:7,0
2020-10-01:7,0
2020-10-02:7,0
2020-10-03:7,0
2020-10-04:7,0
2020-10-05:7,0
2020-10-06:7,0
2020-10-07:7,0
2020-10-08:7,0
2020-10-09:7,0
2020-10-10:7,0
2020-10-11:7,0
2020-10-12:7,0
2020-10-13:7,0
2020-10-14:7,0
2020-10-15:7,0
2020-10-16:7,0
2020-10-17:7,0
2020-10-18:7,0
2020-10-19:7,0
2020-10-20:7,0
2020-10-21:7,0
2020-10-22:7,0
2020-10-23:7,0
2020-10-24:7,0
2020-10-25:7,0
2020-10-26:7,0
2020-10-27:7,0
2020-10-28:7,0
2020-10-29:7,0
2020-10-30:7,0
2020-10-31:7,0
2020-11-01:7,0
2020-11-02:7,0
2020-11-03:7,0
2020-11-04:7,0
2020-11-05:7,0
2020-11-06:7,0
2020-11-07:7,0
2020-11-08:7,0
2020-11-09:7,0
2020-11-10:7,0
2020-11-11:7,0
2020-11-12:7,0
2020-11-13:7,0
2020-11-14:7,0
2020-11-15:7,0
2020-11-16:7,0
2020-11-17:7,0
2020-11-18:7,0
2020-11-19:7,0
2020-11-20:7,0
2020-11-21:7,0
2020-11-22:7,0
2020-11-23:7,0
2020-11-24:7,0
2020-11-25:7,0
2020-11-26:7,0
2020-11-27:7,0
2020-11-28:7,0
2020-11-29:7,0
2020-11-30:7,0
2020-12-01:7,0
2020-12-02:7,0
2020-12-03:7,0
2020-12-04:7,0
2020-12-05:7,0
2020-12-06:7,0
2020-12-07:7,0
2020-12-08:7,0
2020-12-09:7,0
2020-12-10:7,0
2020-12-11:7,0
2020-12-12:7,0
2020-12-13:7,0
2020-12-14:7,0
2020-12-15:7,0
2020-12-16:7,0
2020-12-17:7,0
2020-12-18:7,0
2020-12-19:7,0
2020-12-20:7,0
2020-12-21:7,0
2020-12-22:7,0
2020-12-23:7,0
2020-12-24:7,0
2020-12-25:7,0
2020-12-26:7,0
2020-12-27:7,0
2020-12-28:7,0
2020-12-29:7,0
2020-12-30:7,0
2020-12-31:7,0
2021-01-01:7,0
2021-01-02:7,0
2021-01-03:7,0
2021-01-04:7,0
2021-01-05:7,0
2021-01-06:7,0
2021-01-07:7,0
2021-01-08:7,0
2021-01-09:7,0
2021-01-10:7,0
2021-01-11:7,0
2021-01-12:7,0
2021-01-13:7,0
2021-01-14:7,0
2021-01-15:7,0
2021-01-16:7,0
2021-01-17:7,0
2021-01-18:7,0
2021-01-19:7,0
2021-01-20:7,0
2021-01-21:7,0
2021-01-22:7,0
2021-01-23:7,0
2021-01-24:7,0
2021-01-25:7,0
2021-01-26:7,0
2021-01-27:7,0
2021-01-28:7,0
2021-01-29:7,0
2021-01-30:7,0
2021-01-31:7,0
2021-02-01:7,0
2021-02-02:7,0
2021-02-03:7,0
2021-02-04:7,0
2021-02-05:7,0
2021-02-06:7,0
2021-02-07:7,0
2021-02-08:7,0
2021-02-09:7,0
2021-02-10:7,0
2021-02-11:7,0
2021-02-12:7,0
2021-02-13:7,0
2021-02-14:7,0
2021-02-15:7,0
2021-02-16:7,0
2021-02-17:7,0
2021-02-18:7,0
2021-02-19:7,0
2021-02-20:7,0
2021-02-21:7,0
2021-02-22:7,0
2021-02-23:7,0
2021-02-24:7,0
2021-02-25:7,0
2021-02-26:7,0
2021-02-27:7,0
2021-02-28:7,0
2021-03-01:7,0
2021-03-02:7,0
2021-03-03:7,0
2021-03-04:7,0
2021-03-05:7,0
2021-03-06:7,0
2021-03-07:7,0
2021-03-08:7,0
2021-03-09:7,0
2021-03-10:7,0
2021-03-11:7,0
2021-03-12:7,0
2021-03-13:7,0
2021-03-14:7,0
2021-03-15:7,0
2021-03-16:7,0
2021-03-17:7,0
2021-03-18:7,0
2021-03-19:7,0
2021-03-20:7,0
2021-03-21:7,0
2021-03-22:7,0
2021-03-23:7,0
2021-03-24:7,0
2021-03-25:7,0
2021-03-26:7,0
2021-03-27:7,0
2021-03-28:7,0
2021-03-29:7,0
2021-03-30:7,0
2021-03-31:7,0
2021-04-01:7,0
2021-04-02:7,0
2021-04-03:7,0
2021-04-04:7,0
2021-04-05:7,0
2021-04-06:7,0
2021-04-07:7,0
2021-04-08:7,0
2021-04-09:7,0
2021-04-10:7,0
2021-04-11:7,0
2021-04-12:7,0
2021-04-13:7,0
2021-04-14:7,0
2021-04-15:7,0
2021-04-16:7,0
2021-04-17:7,0
2021-04-18:7,0
2021-04-19:7,0
2021-04-20:7,0
2021-04-21:7,0
2021-04-22:7,0
2021-04-23:7,0
2021-04-24:7,0
2021-04-25:7,0
2021-04-26:7,0
2021-04-27:7,0
2021-04-28:7,0
2021-04-29:7,0
2021-04-30:7,0
2021-05-01:7,0
2021-05-02:7,0
2021-05-03:7,0
2021-05-04:7,0
2021-05-05:7,0
2021-05-06:7,0
2021-05-07:7,0
2021-05-08:7,0
2021-05-09:7,0
2021-05-10:7,0
2021-05-11:7,0
2021-05-12:7,0
2021-05-13:7,0
2021-05-14:7,0
2021-05-15:7,0
2021-05-16:7,0
2021-05-17:7,0
2021-05-18:7,0
2021-05-19:7,0
2021-05-20:7,0
2021-05-21:7,0
2021-05-22:7,0
2021-05-23:7,0
2021-05-24:7,0
2021-05-25:7,0
2021-05-26:7,0
2021-05-27:7,0
2021-05-28:7,0
2021-05-29:7,0
2021-05-30:7,0
2021-05-31:7,0
2021-06-01:7,0
2021-06-02:7,0
2021-06-03:7,0
2021-06-04:7,0
2021-06-05:7,0
2021-06-06:7,0
2021-06-07:7,0
2021-06-08:7,0
2021-06-09:7,0
2021-06-10:7,0
2021-06-11:7,0
2021-06-12:7,0
2021-06-13:7,0
2021-06-14:7,0
2021-06-15:7,0
2021-06-16:7,0
2021-06-17:7,0
2021-06-18:7,0
2021-06-19:7,0
2021-06-20:7,0
2021-06-21:7,0
2021-06-22:7,0
2021-06-23:7,0
2021-06-24:7,0
2021-06-25:7,0
2021-06-26:7,0
2021-06-27:7,0
2021-06-28:7,0
2021-06-29:7,0
2021-06-30:7,0
2021-07-01:7,0
2021-07-02:7,0
2021-07-03:7,0
2021-07-04:7,0
2021-07-05:7,0
2021-07-06:7,0
2021-07-07:7,0
2021-07-08:7,0
2021-07-09:7,0
2021-07-10:7,0
2021-07-11:7,0
2021-07-12:7,0
2021-07-13:7,0
2021-07-14:7,0
2021-07-15:7,0
2021-07-16:7,0
2021-07-17:7,0
2021-07-18:7,0
2021-07-19:7,0
2021-07-20:7,0
2021-07-21:7,0
2021-07-22:7,0
2021-07-23:7,0
2021-07-24:7,0
2021-07-25:7,0
2021-07-26:7,0
2021-07-27:7,0
2021-07-28:7,0
2021-07-29:7,0
2021-07-30:7,0
2021-07-31:7,0
2021-08-01:7,0
2021-08-02:7,0
2021-08-03:7,0
2021-08-04:7,0
2021-08-05:7,0
2021-08-06:7,0
2021-08-07:7,0
2021-08-08:7,0
2021-08-09:7,0
2021-08-10:7,0
2021-08-11:7,0
2021-08-12:7,0
2021-08-13:7,0
2021-08-14:7,0
2021-08-15:7,0
2021-08-16:7,0
2021-08-17:7,0
2021-08-18:7,0
2021-08-19:7,0
2021-08-20:7,0
2021-08-21:7,0
2021-08-22:7,0
2021-08-23:7,0
2021-08-24:7,0
2021-08-25:7,0
2021-08-26:7,0
2021-08-27:7,0
2021-08-28:7,0